id,date,comments
13369635,2014-05-26,0.9656
14124770,2014-06-12,0.953
16577199,2014-07-29,0.9616
18249851,2014-08-24,0.9856
18623343,2014-08-29,0.9617
19172035,2014-09-07,0.7351
19558047,2014-09-14,0.9731
19941920,2014-09-21,0.841
20155863,2014-09-24,0.957
20657479,2014-10-03,0.9884
21310534,2014-10-14,0.9371
21892844,2014-10-26,0.9098
22125171,2014-10-30,0.9671
22481860,2014-11-07,0.8591
22994967,2014-11-19,0.9153
25547479,2015-01-19,0.9806
70699482,2016-04-19,0.9508
73688096,2016-05-09,0.9849
75761151,2016-05-22,0.9386
77079288,2016-05-30,0.9902
93982293,2016-08-14,0.9806
49355810,2015-10-03,0.9956
50689764,2015-10-13,0.9977
51352309,2015-10-19,0.9886
53228103,2015-11-06,0.9701
54394720,2015-11-19,0.8779
55495176,2015-12-01,0.9935
55960775,2015-12-07,0.9284
58365648,2016-01-02,0.967
62961963,2016-02-18,0.0
70448095,2016-04-17,0.9758
71191328,2016-04-24,0.9001
72131992,2016-05-01,0.9899
73139170,2016-05-07,0.9913
74823529,2016-05-16,0.9773
75813752,2016-05-23,0.9794
77149314,2016-05-30,0.9648
79029319,2016-06-10,0.9642
96358813,2016-08-22,0.8419
98920791,2016-09-02,0.9378
99644790,2016-09-05,0.988
44385181,2015-08-25,0.8947
51986395,2015-10-25,0.9846
64961297,2016-03-09,0.8805
80816761,2016-06-19,0.9526
84288950,2016-07-06,0.765
91702670,2016-08-06,0.8748
53000,2010-06-14,0.8744
61264,2010-07-05,0.9748
96056,2010-09-13,0.8126
118614,2010-10-13,0.9371
229317,2011-04-17,0.8739
230468,2011-04-18,0.9286
289276,2011-05-30,0.8881
305529,2011-06-09,0.9796
306631,2011-06-10,0.9694
350468,2011-07-03,0.7713
397124,2011-07-25,0.7955
454547,2011-08-17,0.9755
470245,2011-08-23,0.8356
569652,2011-09-26,0.9645
621989,2011-10-11,0.9834
627056,2011-10-13,0.9744
647159,2011-10-20,0.8658
683282,2011-11-01,0.9745
732611,2011-11-20,0.9589
905826,2012-02-06,0.9732
917811,2012-02-13,0.975
1062068,2012-03-30,0.9841
1186002,2012-04-26,0.9716
1205388,2012-04-30,0.902
1272101,2012-05-13,0.9682
1272293,2012-05-13,0.8858
1466522,2012-06-12,0.8478
1508830,2012-06-18,0.9792
1680670,2012-07-10,0.9564
1720516,2012-07-16,0.9831
1784776,2012-07-23,0.9636
1951342,2012-08-11,0.9612
1985936,2012-08-14,0.8333
2142391,2012-08-30,0.9872
5117067,2013-06-13,0.9791
7425981,2013-09-19,0.9746
12264629,2014-04-27,0.9929
21146817,2014-10-12,0.9722
21917800,2014-10-26,0.9789
27707197,2015-03-09,0.9485
27866399,2015-03-13,0.9701
29803474,2015-04-12,0.9115
30323729,2015-04-20,0.9961
34998495,2015-06-14,0.8979
38242348,2015-07-13,0.9701
40700381,2015-08-01,0.9381
70517997,2016-04-18,0.9966
71270754,2016-04-24,0.9529
72186007,2016-05-01,0.9774
74313916,2016-05-14,0.83
75537741,2016-05-22,0.9753
76036312,2016-05-24,0.4754
77110499,2016-05-30,0.7964
77527917,2016-06-01,0.9039
78259308,2016-06-06,0.8658
79976295,2016-06-15,0.9652
87820887,2016-07-22,0.9524
90198312,2016-07-31,0.5093
99693908,2016-09-05,0.91
58920917,2016-01-05,0.9909
60503398,2016-01-24,0.971
61688736,2016-02-07,0.9501
64599701,2016-03-06,0.9524
77896581,2016-06-04,0.0
84154913,2016-07-05,0.8999
88886957,2016-07-25,0.6249
92165733,2016-08-07,0.8908
94281076,2016-08-15,0.9573
96296012,2016-08-22,0.8583
97816397,2016-08-28,0.9437
65345869,2016-03-13,0.9906
66169930,2016-03-20,0.9731
68387556,2016-04-04,0.9808
69266756,2016-04-10,0.9718
71141240,2016-04-24,0.9198
72079389,2016-05-01,0.9501
73407803,2016-05-08,0.854
74423773,2016-05-15,0.9766
75688385,2016-05-22,0.9689
77171760,2016-05-30,0.9929
82128403,2016-06-26,0.9654
85424126,2016-07-11,0.9897
88532957,2016-07-24,0.8968
90423405,2016-08-01,0.9771
92121346,2016-08-07,0.9165
94073808,2016-08-14,0.9778
58241991,2016-01-01,0.955
62749666,2016-02-16,0.9729
65593026,2016-03-15,0.9927
68398192,2016-04-04,0.9988
70437554,2016-04-17,0.973
71489243,2016-04-25,0.9849
72338460,2016-05-02,0.9943
73419255,2016-05-08,0.9869
74346694,2016-05-15,0.9439
75455951,2016-05-21,0.9847
78175979,2016-06-05,0.9744
78776637,2016-06-09,0.991
80645366,2016-06-19,0.9891
82332224,2016-06-27,0.9449
83959045,2016-07-04,0.9359
85905473,2016-07-13,0.998
88425259,2016-07-24,0.9748
90687487,2016-08-01,0.986
70440520,2016-04-17,0.9818
70909066,2016-04-22,0.0
83644424,2016-07-03,0.9948
84464910,2016-07-07,0.9596
85102270,2016-07-10,0.9654
85829053,2016-07-13,0.9584
86727596,2016-07-17,0.979
87401845,2016-07-20,0.9602
87696000,2016-07-21,0.9793
88137517,2016-07-23,0.9467
88433077,2016-07-24,0.9803
89740938,2016-07-29,0.9707
90212553,2016-07-31,0.9712
90996711,2016-08-03,0.9537
91244234,2016-08-04,0.3018
91713661,2016-08-06,0.9547
93118281,2016-08-11,0.9589
94048468,2016-08-14,0.8346
94410696,2016-08-15,0.9178
95143481,2016-08-18,0.9812
95995192,2016-08-21,0.765
98191184,2016-08-29,0.8458
99406760,2016-09-04,0.9451
8709522,2013-11-12,0.9787
8758673,2013-11-16,0.9719
9690024,2014-01-05,0.9917
9980723,2014-01-22,0.9363
10620416,2014-02-28,0.9743
11015514,2014-03-17,0.7897
11250017,2014-03-26,0.9764
11406227,2014-04-01,0.9767
13819468,2014-06-05,0.977
13942605,2014-06-09,0.9788
14236756,2014-06-15,0.8316
15065579,2014-07-01,0.9852
16121530,2014-07-22,0.9756
17474837,2014-08-12,0.8976
18326527,2014-08-25,0.9701
19538718,2014-09-14,0.92
21207237,2014-10-13,0.9211
21677217,2014-10-21,0.9765
22461414,2014-11-07,0.9354
23791430,2014-12-10,0.9842
27007024,2015-02-23,0.9094
27352210,2015-03-02,0.8954
28142385,2015-03-18,0.591
28789837,2015-03-30,0.9531
29981511,2015-04-15,0.9751
30390580,2015-04-21,0.9325
30840287,2015-04-27,0.4926
31443032,2015-05-05,0.9916
32022717,2015-05-12,0.9664
32414935,2015-05-17,0.9022
33101615,2015-05-25,0.8306
33951910,2015-06-02,0.8536
35687359,2015-06-21,0.9917
37503749,2015-07-07,0.9416
39038051,2015-07-20,0.9891
39996085,2015-07-27,0.9728
41328619,2015-08-07,0.9422
42141192,2015-08-11,0.9709
45977738,2015-09-07,0.8883
47616440,2015-09-21,0.96
48944535,2015-09-29,0.9552
50716863,2015-10-13,0.5719
51466815,2015-10-20,0.9912
54039744,2015-11-15,0.8011
64829872,2016-03-08,0.9348
65705645,2016-03-16,0.9501
66493446,2016-03-22,0.9273
67077149,2016-03-26,0.3306
67768079,2016-03-31,0.6249
68677708,2016-04-06,0.9804
69458564,2016-04-11,0.8658
70760231,2016-04-20,0.9558
72540698,2016-05-03,0.9548
75634657,2016-05-22,0.9865
77947644,2016-06-04,0.4939
79157064,2016-06-11,0.9829
80439414,2016-06-18,0.8439
82350658,2016-06-27,0.6249
85462814,2016-07-11,0.9412
88791086,2016-07-25,0.8687
92957003,2016-08-10,0.9948
68554152,2016-04-05,0.9522
68925391,2016-04-07,0.9322
69338425,2016-04-10,0.979
79327562,2016-06-12,0.9709
81007600,2016-06-20,0.9735
81856245,2016-06-25,0.0
82615864,2016-06-28,0.92
83724739,2016-07-04,0.8462
90594852,2016-08-01,0.0516
91979666,2016-08-07,0.989
92883406,2016-08-10,0.923
93944015,2016-08-14,0.9731
94508778,2016-08-16,0.9056
95356155,2016-08-19,0.676
96779654,2016-08-24,0.9793
97014024,2016-08-25,0.9467
56898985,2015-12-19,0.9591
57333573,2015-12-24,0.9924
57947079,2015-12-30,0.9127
58075222,2015-12-31,0.9774
58635401,2016-01-03,0.9914
58973285,2016-01-05,0.9676
59170753,2016-01-07,0.9476
59403215,2016-01-10,0.9754
59610371,2016-01-12,0.9776
59794733,2016-01-15,0.9776
60157519,2016-01-19,0.9709
60214639,2016-01-20,0.9679
60692079,2016-01-26,0.9609
61587461,2016-02-06,0.9543
61892168,2016-02-09,0.9334
62070459,2016-02-11,0.9883
62705648,2016-02-16,0.6114
63340387,2016-02-22,0.9833
63568940,2016-02-24,0.9848
63741220,2016-02-26,0.9861
64060920,2016-02-29,0.9858
65008577,2016-03-10,0.969
65735317,2016-03-16,0.9059
66372791,2016-03-22,0.9792
67845229,2016-03-31,0.9855
68701719,2016-04-06,0.9559
68842253,2016-04-07,0.9418
69550201,2016-04-11,0.9767
70191482,2016-04-16,0.9606
71002721,2016-04-22,0.875
71413951,2016-04-25,0.988
72154636,2016-05-01,0.7777
74022603,2016-05-12,0.9688
74936348,2016-05-17,0.979
75345786,2016-05-20,0.9896
76460597,2016-05-27,0.9214
77969123,2016-06-04,0.8932
78720880,2016-06-08,0.3818
79469587,2016-06-12,0.9429
79931112,2016-06-15,0.9336
87269139,2016-07-19,0.4404
87614930,2016-07-21,0.9041
88009075,2016-07-22,0.9298
89727709,2016-07-29,0.9724
91319157,2016-08-04,0.9881
92393214,2016-08-08,0.9257
92436922,2016-08-08,0.9748
92976281,2016-08-10,0.9412
93114378,2016-08-11,0.9653
94430938,2016-08-15,0.9708
94919393,2016-08-17,0.9041
96011980,2016-08-21,0.9849
97216806,2016-08-26,0.937
98460520,2016-08-31,0.9168
99050510,2016-09-03,0.9851
85322758,2016-07-11,0.4019
87309097,2016-07-19,0.9747
89003002,2016-07-26,0.9577
90560066,2016-08-01,0.8974
48901438,2015-09-29,0.9929
51277090,2015-10-19,0.9864
74386778,2016-05-15,0.9705
77109000,2016-05-30,0.9577
86781862,2016-07-17,0.9978
69147206,2016-04-09,0.0
86510724,2016-07-16,0.9881
90245685,2016-07-31,0.9508
92315540,2016-08-08,0.9567
11784330,2014-04-14,0.9633
11904875,2014-04-18,0.9763
12039010,2014-04-21,0.9184
12254227,2014-04-27,0.9242
12440488,2014-05-02,0.9098
12480624,2014-05-03,0.9738
12848740,2014-05-12,0.9822
13090535,2014-05-19,0.8349
13233607,2014-05-22,0.9584
13437531,2014-05-27,0.9738
13757826,2014-06-03,0.9908
14021709,2014-06-10,0.9678
14108621,2014-06-11,0.9612
14250175,2014-06-15,0.9132
14943825,2014-06-29,0.9877
15165513,2014-07-03,0.9475
15229333,2014-07-05,0.7906
15332559,2014-07-07,0.8199
15663634,2014-07-13,0.8047
15707585,2014-07-14,0.8625
15897510,2014-07-17,0.8294
15972807,2014-07-19,0.9593
16119199,2014-07-22,0.9577
17083142,2014-08-06,0.8381
17368191,2014-08-11,0.9404
17594050,2014-08-14,0.9196
17812233,2014-08-17,0.93
18270761,2014-08-24,0.9843
18382451,2014-08-25,0.6071
18770732,2014-08-31,0.9534
19137751,2014-09-07,0.9165
19578633,2014-09-14,0.9381
19698361,2014-09-16,0.9774
20090501,2014-09-23,0.7984
20623536,2014-10-02,0.8777
20845042,2014-10-06,0.9886
21225030,2014-10-13,0.9583
21366036,2014-10-15,0.7386
21583639,2014-10-20,0.9739
21684700,2014-10-21,0.9161
21837397,2014-10-25,0.9441
21971916,2014-10-27,0.9755
22810442,2014-11-15,0.6997
23199545,2014-11-24,0.955
23279891,2014-11-27,0.9781
24687164,2015-01-01,0.9137
25567875,2015-01-19,0.9819
25868108,2015-01-27,0.9812
26032573,2015-02-01,0.807
26342349,2015-02-09,-0.0781
26409983,2015-02-11,0.9418
26726884,2015-02-17,0.9648
28796885,2015-03-30,0.9467
29504119,2015-04-08,0.8608
29712783,2015-04-11,0.9783
29869197,2015-04-13,0.9484
30001613,2015-04-15,0.9604
30145223,2015-04-18,0.9629
30298894,2015-04-20,0.9527
30592324,2015-04-24,0.8739
31330462,2015-05-04,0.274
31997380,2015-05-12,0.6114
32512398,2015-05-19,0.9612
33260852,2015-05-26,0.0267
35529674,2015-06-19,0.765
35961128,2015-06-23,0.6249
36397134,2015-06-28,0.9669
36643092,2015-06-29,0.3454
37405908,2015-07-06,0.9461
38070986,2015-07-12,0.9537
38191444,2015-07-13,0.6573
39061028,2015-07-20,0.9899
40998888,2015-08-03,0.9199
41511612,2015-08-07,0.9183
42268888,2015-08-12,0.9214
44257373,2015-08-24,0.9412
44870411,2015-08-29,0.9575
45206833,2015-08-31,0.9771
47578436,2015-09-20,0.8963
48624651,2015-09-27,0.6153
50469613,2015-10-12,0.8074
51173044,2015-10-18,0.9856
51633946,2015-10-22,0.9516
52078463,2015-10-26,-0.6808
54565499,2015-11-21,0.9551
54832685,2015-11-23,0.8268
55767846,2015-12-05,0.9259
56009232,2015-12-07,0.8439
56296276,2015-12-12,0.9493
60460567,2016-01-24,0.7264
61621385,2016-02-06,0.9545
61692418,2016-02-07,0.798
61940946,2016-02-09,0.9836
62545635,2016-02-15,-0.0297
62682226,2016-02-15,0.5562
63200054,2016-02-21,0.6588
63316873,2016-02-21,0.8031
64222688,2016-03-01,0.9731
64850978,2016-03-08,0.9778
65630769,2016-03-15,0.9846
66083830,2016-03-19,0.9523
66623209,2016-03-23,0.0
69501426,2016-04-11,0.8999
70200328,2016-04-16,0.8834
72434180,2016-05-02,0.8689
73746529,2016-05-09,0.9468
75413521,2016-05-21,0.8994
77928889,2016-06-04,0.8805
78326636,2016-06-06,0.9176
78599146,2016-06-07,-0.8388
81665834,2016-06-24,0.9347
84924802,2016-07-09,0.4598
85152840,2016-07-10,0.9093
86906213,2016-07-18,0.8762
89713294,2016-07-29,0.9132
90179784,2016-07-31,0.504
91605478,2016-08-06,-0.6632
93626227,2016-08-13,0.9676
94743364,2016-08-16,0.98
95216165,2016-08-18,0.9312
96411788,2016-08-22,0.937
56632708,2015-12-15,0.0
19656744,2014-09-15,0.931
20053905,2014-09-22,0.8504
20459088,2014-09-29,0.9357
21220521,2014-10-13,0.9766
21602319,2014-10-20,0.9742
21958863,2014-10-27,0.9848
22695801,2014-11-12,0.9633
27103986,2015-02-25,0.9738
27463243,2015-03-05,0.9866
28010492,2015-03-16,0.8779
28526478,2015-03-25,0.9849
28785319,2015-03-30,0.9333
29059846,2015-04-03,0.9059
29404962,2015-04-07,0.9846
30291869,2015-04-20,0.9709
30763414,2015-04-27,0.9516
32534697,2015-05-19,0.9153
33347352,2015-05-26,0.0
33530631,2015-05-29,0.9918
33790844,2015-06-01,0.9674
35286831,2015-06-17,0.9516
35780518,2015-06-22,0.886
37468503,2015-07-07,0.9826
38987560,2015-07-20,0.9583
42318477,2015-08-12,0.9705
43153575,2015-08-17,0.4767
44520610,2015-08-27,0.8588
47031561,2015-09-15,0.9906
51441086,2015-10-20,0.9765
52140257,2015-10-26,0.9844
53554870,2015-11-09,0.8617
53951107,2015-11-15,0.9584
54292484,2015-11-17,0.9526
55276674,2015-11-29,0.9912
55858019,2015-12-06,0.9509
57821126,2015-12-29,0.9847
58642118,2016-01-03,0.9929
63085699,2016-02-20,0.9613
63415641,2016-02-22,0.9467
64127742,2016-02-29,0.9701
66093508,2016-03-19,0.9589
66733595,2016-03-24,0.9432
69433631,2016-04-11,0.9592
69933997,2016-04-14,0.8934
70818900,2016-04-21,0.949
71488566,2016-04-25,0.9661
75501543,2016-05-21,0.9633
76730998,2016-05-29,0.9036
79834985,2016-06-14,0.9773
85574662,2016-07-12,0.9599
11573145,2014-04-07,0.9884
11724954,2014-04-13,0.9967
11871418,2014-04-17,0.9955
12345680,2014-04-29,0.9868
12560477,2014-05-05,0.9974
12901264,2014-05-13,0.9908
13189627,2014-05-21,0.9923
13356794,2014-05-26,0.9899
13674171,2014-06-02,0.8955
14447174,2014-06-19,0.7955
14621320,2014-06-23,0.9914
14875243,2014-06-28,0.969
15037363,2014-07-01,0.9875
15313440,2014-07-07,0.9942
15532246,2014-07-11,0.9348
16457107,2014-07-28,0.9769
16919515,2014-08-04,0.9565
17353096,2014-08-11,0.9628
17680099,2014-08-16,0.9874
18418696,2014-08-26,0.9788
18630359,2014-08-29,0.9595
18799972,2014-09-01,0.9965
19869275,2014-09-20,0.9864
20076550,2014-09-22,0.9897
20768413,2014-10-05,0.9764
21000531,2014-10-09,0.9895
21131665,2014-10-12,0.9719
21506838,2014-10-19,0.9986
21804572,2014-10-24,0.9921
21948082,2014-10-27,0.9812
22356125,2014-11-04,0.7993
22530228,2014-11-09,0.9895
23859736,2014-12-13,0.9027
29379913,2015-04-07,0.9941
30119275,2015-04-18,0.978
30293607,2015-04-20,0.9853
32138397,2015-05-14,0.9381
33819631,2015-06-01,0.9699
35103128,2015-06-15,0.9035
35326068,2015-06-17,0.9608
35683094,2015-06-21,0.2023
36547379,2015-06-29,0.5106
37118129,2015-07-04,0.9492
37580715,2015-07-08,0.9823
38978849,2015-07-20,0.9853
39968210,2015-07-27,0.9857
41104471,2015-08-04,0.9938
42781754,2015-08-15,0.9595
43362124,2015-08-19,0.9454
45160446,2015-08-31,0.9837
46474041,2015-09-11,0.9853
48348521,2015-09-25,0.9437
48540345,2015-09-27,0.9817
51049983,2015-10-17,0.9656
51687889,2015-10-24,0.966
53116238,2015-11-05,0.9902
56696774,2015-12-16,0.9849
57651484,2015-12-28,0.9243
59933681,2016-01-17,0.9637
60443517,2016-01-23,0.9763
61116851,2016-01-31,0.9323
61939445,2016-02-09,0.9858
62711718,2016-02-16,0.9751
63173689,2016-02-21,0.8947
64129718,2016-02-29,0.985
64622705,2016-03-06,0.9161
65831700,2016-03-17,0.9475
66116192,2016-03-19,0.9438
66482812,2016-03-22,0.9699
66955148,2016-03-25,0.9726
67667568,2016-03-30,0.9273
68008304,2016-04-01,0.93
68438611,2016-04-05,0.9786
69486985,2016-04-11,0.9493
70252894,2016-04-17,0.9862
71280444,2016-04-24,0.9757
73267076,2016-05-07,0.9737
74701320,2016-05-16,0.9936
75669329,2016-05-22,0.8892
77375103,2016-05-31,0.9866
77761025,2016-06-03,0.9545
79619329,2016-06-13,0.9932
82222566,2016-06-26,0.9764
83842738,2016-07-04,0.9719
85237164,2016-07-10,0.9549
86430361,2016-07-16,0.9759
87724685,2016-07-21,0.9856
89954633,2016-07-30,0.9807
90577045,2016-08-01,0.9664
93963888,2016-08-14,0.9045
95799833,2016-08-21,0.8715
96362868,2016-08-22,0.9728
97796472,2016-08-28,0.9882
50443965,2015-10-12,0.9852
52061919,2015-10-26,0.9812
65518310,2016-03-15,0.9769
85275794,2016-07-11,0.9883
30356157,2015-04-20,0.8974
30819838,2015-04-27,0.9381
32030007,2015-05-12,0.9632
33161573,2015-05-25,0.9699
33954403,2015-06-02,0.8816
34266656,2015-06-06,0.0
35096509,2015-06-15,0.9359
38221759,2015-07-13,0.9755
45384928,2015-09-02,0.9586
46156287,2015-09-08,0.8268
47700436,2015-09-21,0.8016
48908196,2015-09-29,0.9455
49677241,2015-10-05,0.9768
50793842,2015-10-14,0.9849
51367744,2015-10-19,0.7906
52234579,2015-10-27,0.9682
53811411,2015-11-13,0.9779
54275530,2015-11-17,0.9378
56081156,2015-12-08,0.0
63522848,2016-02-23,0.9551
65640235,2016-03-16,0.9773
68635997,2016-04-05,0.902
69506031,2016-04-11,0.958
73693984,2016-05-09,0.9625
74519767,2016-05-15,0.8999
75631768,2016-05-22,0.9622
77008252,2016-05-30,0.555
79317680,2016-06-12,0.8908
81979605,2016-06-26,0.9593
87607945,2016-07-21,0.9539
89646871,2016-07-29,0.9136
93969760,2016-08-14,0.9368
96011918,2016-08-21,0.8066
98225536,2016-08-30,0.9558
8422865,2013-10-29,0.992
8576840,2013-11-05,0.9912
8673925,2013-11-11,0.9616
8735604,2013-11-14,0.8749
8769751,2013-11-17,0.9716
8791034,2013-11-18,0.9881
8830639,2013-11-19,0.8908
8847252,2013-11-21,0.9764
8866558,2013-11-22,0.4703
8879417,2013-11-23,0.9751
8938321,2013-11-26,0.7896
8960351,2013-11-28,0.9891
9011235,2013-12-01,0.9865
9086170,2013-12-05,0.9869
9146014,2013-12-09,0.9513
9207553,2013-12-13,0.9824
9278633,2013-12-17,0.9942
9319097,2013-12-21,0.9334
9359024,2013-12-23,0.9853
9371804,2013-12-24,0.8687
9405001,2013-12-27,0.9943
9430818,2013-12-28,0.9309
9471097,2013-12-30,0.8021
9543985,2014-01-02,0.9893
9645594,2014-01-04,0.9732
9685193,2014-01-05,0.8834
9721175,2014-01-06,0.9622
9764661,2014-01-08,0.9849
9791556,2014-01-10,0.8176
9803365,2014-01-11,0.957
9831732,2014-01-13,0.9722
9876933,2014-01-16,0.995
10062380,2014-01-28,0.989
10175971,2014-02-04,0.659
10220134,2014-02-07,0.9615
10237007,2014-02-08,0.8713
10376558,2014-02-16,0.9939
10499957,2014-02-22,0.7627
10530376,2014-02-24,0.9116
10602264,2014-02-27,0.8398
10681420,2014-03-03,0.986
10758766,2014-03-06,0.9731
10776632,2014-03-07,0.8588
10801343,2014-03-08,0.9728
10838935,2014-03-10,0.8525
10907754,2014-03-12,0.8306
11013994,2014-03-17,0.9891
11105080,2014-03-20,0.9893
11125944,2014-03-22,0.8221
11169966,2014-03-24,0.9229
11214811,2014-03-25,0.745
11301430,2014-03-29,0.9907
11375492,2014-03-31,0.9348
11427506,2014-04-02,0.9712
11449962,2014-04-03,0.9881
11505301,2014-04-06,0.9001
11536754,2014-04-07,0.9215
11610765,2014-04-09,0.9929
11633582,2014-04-10,0.983
11666938,2014-04-11,0.9715
11680456,2014-04-12,0.9917
11789544,2014-04-15,0.9214
11853981,2014-04-17,0.9828
12267972,2014-04-28,0.986
12364529,2014-04-30,0.9768
12401282,2014-05-01,0.9557
12458811,2014-05-03,0.9192
12651020,2014-05-07,0.9646
12683874,2014-05-08,0.9896
12738640,2014-05-10,0.9681
13178943,2014-05-21,0.9589
13267228,2014-05-24,0.9802
13339960,2014-05-26,0.9811
13770137,2014-06-03,0.9258
13942535,2014-06-09,0.9551
14151246,2014-06-13,0.9749
14191428,2014-06-14,0.9953
14229401,2014-06-15,0.902
14388997,2014-06-18,0.9705
14467973,2014-06-20,0.955
14676455,2014-06-24,0.9604
14770838,2014-06-26,0.9916
14818466,2014-06-27,0.7615
14856656,2014-06-28,0.9347
14916781,2014-06-29,0.9898
15090103,2014-07-02,0.9944
15193161,2014-07-04,0.9331
15300718,2014-07-07,0.985
15451845,2014-07-09,0.9951
15526654,2014-07-11,0.9689
15671174,2014-07-14,0.9074
15840985,2014-07-16,0.9601
15932411,2014-07-18,0.9458
16011408,2014-07-20,0.9933
16075018,2014-07-22,0.9792
16336959,2014-07-26,0.9876
16400076,2014-07-27,0.8442
16538848,2014-07-29,0.9722
16674201,2014-07-31,0.9094
16773951,2014-08-02,0.9966
16888751,2014-08-04,0.9879
17040871,2014-08-06,0.9935
17203852,2014-08-09,0.981
17345051,2014-08-11,0.9654
17507888,2014-08-13,0.9761
17679110,2014-08-16,0.9788
17838806,2014-08-18,0.8969
18239340,2014-08-24,0.9624
18304250,2014-08-25,0.9098
18536543,2014-08-28,0.9531
18658837,2014-08-30,0.9912
18782762,2014-09-01,0.9039
18890041,2014-09-02,0.9476
19027754,2014-09-05,0.9836
19079085,2014-09-06,0.9136
19258593,2014-09-09,0.6808
19405679,2014-09-12,0.9399
19510899,2014-09-14,0.886
19667843,2014-09-16,0.9843
19919124,2014-09-21,0.946
20081793,2014-09-23,0.9335
20273060,2014-09-27,0.8858
20404452,2014-09-29,0.9791
20496030,2014-09-30,0.9913
20546441,2014-10-01,0.9776
20648495,2014-10-03,0.9378
20891384,2014-10-07,0.9594
20961762,2014-10-08,0.9981
21072500,2014-10-11,0.9199
21121530,2014-10-12,0.9783
21342998,2014-10-15,0.8832
21412779,2014-10-17,0.9944
21573994,2014-10-20,0.9661
21800429,2014-10-24,0.826
21826838,2014-10-25,0.9971
22011245,2014-10-28,0.9778
22100055,2014-10-30,0.911
22226879,2014-11-02,0.7574
22452988,2014-11-07,0.9635
22642560,2014-11-11,0.9771
22732460,2014-11-13,0.8977
22884334,2014-11-17,0.9657
23065229,2014-11-22,0.9795
23147487,2014-11-24,0.9984
23423245,2014-12-01,0.9662
23596434,2014-12-06,0.973
23679769,2014-12-08,0.9581
23852161,2014-12-12,0.784
23865587,2014-12-13,0.9286
23986411,2014-12-15,0.0
24023652,2014-12-17,0.9955
24057950,2014-12-18,0.923
24089042,2014-12-19,0.9686
24183542,2014-12-22,0.9384
24255851,2014-12-23,0.9897
24269703,2014-12-24,0.9532
24527448,2014-12-30,0.992
24580588,2014-12-31,0.9416
25126031,2015-01-07,0.9485
25391917,2015-01-14,0.8832
25473149,2015-01-17,0.9794
25558349,2015-01-19,0.9766
25630452,2015-01-21,0.99
25689610,2015-01-23,0.9116
25802934,2015-01-26,0.8478
26094768,2015-02-03,0.9419
26292044,2015-02-09,0.9464
26424001,2015-02-12,0.9804
26487118,2015-02-14,0.9022
26585902,2015-02-16,0.9845
26874105,2015-02-21,0.9617
26981102,2015-02-23,0.9776
27253309,2015-03-01,0.9422
27458474,2015-03-05,0.9961
27567357,2015-03-07,0.9418
27588559,2015-03-08,0.9783
27647549,2015-03-09,0.9104
27756121,2015-03-11,0.7901
27829212,2015-03-13,0.9213
27875398,2015-03-14,0.975
27930555,2015-03-15,0.9822
28159957,2015-03-19,0.9618
28204658,2015-03-20,0.8439
28248789,2015-03-21,0.9299
28554606,2015-03-26,0.9771
28663974,2015-03-28,0.9751
28951344,2015-04-01,0.9647
29033756,2015-04-03,0.9921
29106970,2015-04-04,0.7418
29253008,2015-04-06,0.9887
29718344,2015-04-12,0.9851
29911920,2015-04-14,0.9863
30002299,2015-04-15,0.9595
30076896,2015-04-17,0.9702
30193808,2015-04-19,0.9577
30302318,2015-04-20,0.9306
30379119,2015-04-21,0.9838
30548117,2015-04-24,0.8863
30752980,2015-04-27,0.9856
30974850,2015-04-30,0.9769
31031444,2015-05-01,0.8402
31287170,2015-05-04,0.5994
31507695,2015-05-06,0.9916
31747541,2015-05-09,0.9762
31795760,2015-05-10,0.8964
31871892,2015-05-11,0.5676
32064562,2015-05-13,0.9184
32159896,2015-05-15,0.9841
32453536,2015-05-18,0.9606
32504623,2015-05-19,0.9665
32758051,2015-05-21,0.9923
32879001,2015-05-23,0.9712
32967001,2015-05-24,0.9681
33368393,2015-05-27,0.9143
33758917,2015-05-31,0.9802
33898680,2015-06-02,0.9905
34237110,2015-06-06,0.9764
34456121,2015-06-08,0.9657
35901425,2015-06-23,0.9634
36166044,2015-06-26,0.8856
36505498,2015-06-29,0.9827
36938278,2015-07-03,0.9506
37443087,2015-07-07,0.9905
37732843,2015-07-10,0.9942
38099358,2015-07-13,0.6114
39144946,2015-07-21,0.9485
39297941,2015-07-22,0.9686
39598429,2015-07-25,0.9881
39905375,2015-07-27,0.9904
40192868,2015-07-29,0.933
41193232,2015-08-05,0.9598
41721381,2015-08-09,0.9959
42256789,2015-08-12,0.9552
42432848,2015-08-13,0.8876
42533735,2015-08-14,0.9101
43218368,2015-08-18,0.9537
43634137,2015-08-21,0.8954
43823749,2015-08-22,0.9122
44278416,2015-08-25,0.9678
44453998,2015-08-26,0.7845
44641795,2015-08-28,0.9604
44797240,2015-08-29,0.9782
45233994,2015-09-01,0.9335
45413549,2015-09-02,0.9897
45495489,2015-09-03,0.9341
45612639,2015-09-04,0.9738
45699473,2015-09-05,0.8268
46112304,2015-09-08,0.9661
46299189,2015-09-09,0.8746
46363993,2015-09-10,0.9222
46478271,2015-09-11,0.9334
46891183,2015-09-14,0.9791
47139928,2015-09-16,0.851
47608710,2015-09-21,0.9939
48095932,2015-09-23,0.9798
48273394,2015-09-25,0.9057
48670946,2015-09-28,0.9884
48866003,2015-09-29,0.9953
49081991,2015-09-30,0.9768
49214508,2015-10-02,0.9877
49904416,2015-10-07,0.9492
50027535,2015-10-08,0.9723
50188777,2015-10-10,0.9662
50611960,2015-10-13,0.984
51113370,2015-10-18,0.9014
51521891,2015-10-21,0.9678
51691412,2015-10-24,0.9484
52214578,2015-10-27,0.9817
52315881,2015-10-28,0.9836
52467330,2015-10-29,0.9941
52560849,2015-10-30,0.9098
53070912,2015-11-04,0.9681
53162448,2015-11-05,0.953
53173631,2015-11-06,0.99
53452461,2015-11-09,0.9725
53642129,2015-11-10,0.923
53764506,2015-11-12,0.6464
54092978,2015-11-16,0.969
54281231,2015-11-17,0.9664
54389269,2015-11-19,0.976
54494209,2015-11-20,0.7964
54593489,2015-11-22,0.9738
54739841,2015-11-23,0.9789
54863492,2015-11-25,0.9876
55748286,2015-12-05,0.0
55892864,2015-12-07,0.906
56246905,2015-12-11,0.978
56431438,2015-12-13,0.9966
56487615,2015-12-14,0.9476
56610119,2015-12-15,0.6467
57043553,2015-12-21,0.9779
57144903,2015-12-22,0.7959
57289353,2015-12-24,0.9225
57405163,2015-12-25,0.9725
57534793,2015-12-27,0.9833
57634393,2015-12-28,0.9682
57798480,2015-12-29,0.9601
57930317,2015-12-30,0.8439
58139105,2016-01-01,0.9668
58309996,2016-01-02,0.9625
58876857,2016-01-05,0.714
59139785,2016-01-07,0.975
59303430,2016-01-09,0.9763
59598333,2016-01-12,0.9836
59677116,2016-01-13,0.9246
59731028,2016-01-14,0.9822
59855145,2016-01-16,0.9697
60127683,2016-01-19,0.992
60586867,2016-01-25,0.9182
60753935,2016-01-27,0.6249
61072558,2016-01-31,0.8735
61638990,2016-02-07,0.9329
61746540,2016-02-08,0.9863
62170643,2016-02-12,0.988
62349203,2016-02-14,0.9347
62697510,2016-02-16,0.9245
62973751,2016-02-19,0.9545
63174157,2016-02-21,0.6678
63343270,2016-02-22,0.9439
63492144,2016-02-23,0.7738
63790396,2016-02-27,0.9589
63975927,2016-02-28,0.9862
64097828,2016-02-29,0.9359
64432363,2016-03-04,0.9545
65078731,2016-03-10,0.8805
65160337,2016-03-11,0.9763
65769102,2016-03-17,0.9258
65825489,2016-03-17,0.8876
66353386,2016-03-22,0.5848
66710511,2016-03-24,0.8126
67819601,2016-03-31,0.981
68687063,2016-04-06,0.9227
68956506,2016-04-08,0.9304
69689248,2016-04-12,0.963
70182241,2016-04-16,0.944
70345232,2016-04-17,0.9959
71410569,2016-04-25,0.939
72196185,2016-05-01,0.9792
72548550,2016-05-03,0.98
73001522,2016-05-06,0.9495
73129244,2016-05-07,0.9728
73338434,2016-05-08,0.6342
74192240,2016-05-13,0.972
74376698,2016-05-15,0.8588
74902142,2016-05-17,0.9819
76341034,2016-05-26,0.9551
76822303,2016-05-29,0.9704
77133084,2016-05-30,0.9022
77557633,2016-06-01,0.943
78209101,2016-06-05,0.9783
78449941,2016-06-06,0.9316
79719217,2016-06-13,0.9942
80280619,2016-06-17,0.9231
80740205,2016-06-19,0.9853
81833005,2016-06-25,0.9297
82188091,2016-06-26,0.9447
83414054,2016-07-02,0.9791
84131597,2016-07-05,0.9501
85729254,2016-07-12,0.2319
85913016,2016-07-14,0.9507
86050828,2016-07-14,0.9853
86335789,2016-07-16,0.962
87023017,2016-07-18,0.9972
87568769,2016-07-20,0.8653
87871452,2016-07-22,0.9911
87998084,2016-07-22,0.0
88882168,2016-07-25,0.9889
89538941,2016-07-29,0.8502
89795163,2016-07-30,0.8588
90090869,2016-07-31,0.9759
90946616,2016-08-03,0.9358
91351877,2016-08-05,0.9571
94424254,2016-08-15,0.8997
95166237,2016-08-18,-0.2709
95486268,2016-08-20,0.9893
96081578,2016-08-21,0.2023
96468478,2016-08-22,0.9637
97998930,2016-08-29,0.9449
98687334,2016-09-01,0.9792
58390899,2016-01-02,0.908
61951592,2016-02-09,0.9531
65561295,2016-03-15,0.9516
66169333,2016-03-20,0.8938
68371171,2016-04-04,0.977
70480347,2016-04-18,0.6693
73852481,2016-05-10,0.9323
75943058,2016-05-23,0.8402
77158493,2016-05-30,0.9725
82488623,2016-06-27,0.9711
90286432,2016-07-31,0.9861
64346800,2016-03-02,0.8165
64736948,2016-03-06,0.9309
64942405,2016-03-09,0.9751
64960810,2016-03-09,0.893
66497803,2016-03-22,0.9469
67316374,2016-03-28,0.9666
68140091,2016-04-02,0.99
68178676,2016-04-02,0.9764
71794109,2016-04-28,0.9477
72285451,2016-05-01,0.9866
72824437,2016-05-04,0.9878
73420968,2016-05-08,0.9298
74401603,2016-05-15,0.8553
75092468,2016-05-18,0.945
76114521,2016-05-24,0.9944
77375812,2016-05-31,0.9722
79634094,2016-06-13,0.958
80129369,2016-06-16,0.9871
81358205,2016-06-22,0.9429
82225606,2016-06-26,0.7901
82734566,2016-06-29,0.9905
83598736,2016-07-03,0.9635
84957360,2016-07-09,0.9243
85675277,2016-07-12,0.9246
86306438,2016-07-15,0.826
87119546,2016-07-18,0.9479
87820150,2016-07-22,0.9286
88468124,2016-07-24,0.9358
89667214,2016-07-29,0.9802
90864695,2016-08-02,0.7096
91560181,2016-08-05,0.9707
93179836,2016-08-11,0.913
94403448,2016-08-15,0.9403
96838878,2016-08-24,0.8854
98308904,2016-08-30,0.9838
14330398,2014-06-16,0.7717
14459716,2014-06-19,0.9785
14588465,2014-06-22,0.9368
14996045,2014-06-30,0.9785
15341247,2014-07-07,0.9881
15597177,2014-07-12,0.8867
15778419,2014-07-15,0.9862
16037631,2014-07-20,0.9862
16597810,2014-07-29,0.9644
17110989,2014-08-07,0.9278
17712700,2014-08-16,0.8906
17863823,2014-08-18,0.9886
18589944,2014-08-28,0.9987
19235631,2014-09-08,0.9757
19609384,2014-09-15,0.9722
19759580,2014-09-17,0.8591
19902049,2014-09-20,0.967
19975493,2014-09-21,0.9011
20102813,2014-09-23,0.9788
20235491,2014-09-26,0.9877
20667520,2014-10-03,0.836
21958482,2014-10-27,0.6249
23408667,2014-11-30,0.9747
23760269,2014-12-09,0.9114
23885119,2014-12-13,0.9605
26622441,2015-02-16,0.9516
27880085,2015-03-14,0.908
28094165,2015-03-17,0.9413
28476134,2015-03-24,0.9656
28814320,2015-03-30,0.98
29311096,2015-04-06,0.9421
31286279,2015-05-04,0.8858
31908912,2015-05-11,0.9436
32351128,2015-05-17,0.8261
33358054,2015-05-27,0.8926
35065733,2015-06-15,0.9057
35684485,2015-06-21,0.9642
37506251,2015-07-07,0.9749
42006889,2015-08-10,0.9876
45279252,2015-09-01,0.8555
46146759,2015-09-08,0.9522
47053921,2015-09-15,0.9134
49437273,2015-10-04,0.8934
55184774,2015-11-29,0.9749
63335660,2016-02-22,0.928
68319296,2016-04-04,0.9491
77421423,2016-05-31,0.9861
31978162,2015-05-12,0.9605
33959796,2015-06-02,0.6887
34539515,2015-06-09,0.9437
35309015,2015-06-17,0.9096
35559520,2015-06-20,0.865
35941656,2015-06-23,0.9579
36140056,2015-06-25,0.6997
36664264,2015-06-30,0.9868
36924193,2015-07-02,0.8934
37333754,2015-07-06,0.9854
37712662,2015-07-09,0.9741
38988944,2015-07-20,0.4404
39639630,2015-07-25,0.5771
40372378,2015-07-30,0.3506
42142687,2015-08-11,0.9747
42609508,2015-08-14,0.8777
43239077,2015-08-18,0.9601
44819352,2015-08-29,0.9366
55775430,2015-12-06,0.9097
57916071,2015-12-30,0.34
59233462,2016-01-08,-0.5916
63822631,2016-02-27,0.7906
66117030,2016-03-19,0.9744
67599558,2016-03-30,0.0
72471972,2016-05-02,0.9839
74527108,2016-05-15,0.9036
75122537,2016-05-19,0.9638
77102499,2016-05-30,0.9489
79926770,2016-06-15,0.8588
85964630,2016-07-14,0.9893
86456150,2016-07-16,0.9799
87507390,2016-07-20,0.8016
91002796,2016-08-03,0.9721
91353391,2016-08-05,0.9792
92369714,2016-08-08,0.9626
96957173,2016-08-25,0.7772
66344949,2016-03-21,0.7959
70376229,2016-04-17,0.4754
72025896,2016-04-30,0.9813
72268109,2016-05-01,0.656
81666772,2016-06-24,0.8313
81853899,2016-06-25,0.6249
99360897,2016-09-04,0.8652
7350118,2013-09-16,0.8439
7444827,2013-09-20,0.886
7525717,2013-09-23,0.964
7749937,2013-10-01,0.9571
7857502,2013-10-06,0.9535
7922140,2013-10-08,0.9153
8337247,2013-10-26,0.9168
8504216,2013-11-03,0.8428
8595052,2013-11-06,0.99
8689164,2013-11-12,0.7425
8912415,2013-11-25,0.9617
9033583,2013-12-02,0.8395
9143971,2013-12-09,0.8718
9585003,2014-01-03,0.9842
9887344,2014-01-17,0.9873
10172493,2014-02-03,0.0
10538237,2014-02-24,0.8838
10760062,2014-03-06,0.9222
10904137,2014-03-12,0.8854
11048546,2014-03-18,0.9325
11088701,2014-03-20,0.9859
11212676,2014-03-25,0.9922
11309736,2014-03-29,0.9688
11346614,2014-03-31,0.96
11738279,2014-04-14,0.8943
12326066,2014-04-29,0.0644
12541189,2014-05-05,0.9447
12883007,2014-05-13,0.9577
13237813,2014-05-23,0.9643
13601155,2014-06-01,0.9796
14007730,2014-06-10,0.9333
14606039,2014-06-23,0.9815
15357804,2014-07-07,0.9919
15841550,2014-07-16,0.7955
16408907,2014-07-27,0.9911
16873299,2014-08-03,0.8798
17334991,2014-08-11,0.9933
17832962,2014-08-18,0.9635
18887675,2014-09-02,0.937
19315189,2014-09-10,0.9837
19599775,2014-09-15,0.9552
20177222,2014-09-25,0.9696
20500833,2014-09-30,0.8588
20906027,2014-10-07,0.9348
21275091,2014-10-14,0.7328
21390055,2014-10-16,0.9633
21661355,2014-10-21,0.9808
21748438,2014-10-23,0.9849
21846897,2014-10-25,0.9059
21939414,2014-10-27,0.8622
22356889,2014-11-04,0.0
22594357,2014-11-10,0.8905
22781476,2014-11-14,0.8684
23041117,2014-11-21,0.908
24629252,2014-12-31,0.7096
25601283,2015-01-20,0.8773
25939259,2015-01-30,-0.5122
26419532,2015-02-12,0.9829
27069323,2015-02-24,0.9632
27326240,2015-03-02,0.6369
27667745,2015-03-09,0.8932
28389341,2015-03-23,0.9523
28682051,2015-03-28,0.9501
28845102,2015-03-30,0.9577
29396409,2015-04-07,0.984
29911161,2015-04-14,0.9882
30920026,2015-04-29,0.9805
31289593,2015-05-04,0.9295
31938425,2015-05-12,0.8906
32458258,2015-05-18,0.9616
33295474,2015-05-26,0.855
33928681,2015-06-02,0.9117
34452840,2015-06-08,0.91
35217982,2015-06-16,0.9816
35817183,2015-06-22,0.9882
36871186,2015-07-02,0.9577
38129099,2015-07-13,0.9708
39141023,2015-07-21,0.9201
39962881,2015-07-27,0.9273
41074928,2015-08-04,0.9654
41921495,2015-08-10,0.9649
42485109,2015-08-13,0.2484
43145150,2015-08-17,0.9621
46121330,2015-09-08,0.9397
47491945,2015-09-19,0.9062
47980440,2015-09-22,0.8503
48376260,2015-09-26,0.7167
48696596,2015-09-28,0.8555
49767540,2015-10-06,0.9865
50500327,2015-10-12,0.9498
51456579,2015-10-20,0.8245
51827742,2015-10-24,0.9432
54127888,2015-11-16,0.9132
56042887,2015-12-08,-0.2484
58297319,2016-01-02,0.8932
60168965,2016-01-19,0.9863
62530193,2016-02-15,0.9694
63467783,2016-02-23,0.9781
63555066,2016-02-24,0.9802
64064471,2016-02-29,0.9735
64789195,2016-03-08,0.9568
65240112,2016-03-12,0.3245
65518680,2016-03-15,0.9942
67320000,2016-03-28,0.9231
68030089,2016-04-01,0.944
69437005,2016-04-11,0.9242
70367335,2016-04-17,0.872
72698094,2016-05-04,0.8118
73293651,2016-05-08,0.968
74931281,2016-05-17,0.9285
75687654,2016-05-22,0.902
76766214,2016-05-29,0.8268
78094529,2016-06-05,0.9521
79678151,2016-06-13,0.9846
82238640,2016-06-27,0.978
82778207,2016-06-29,0.8479
85255038,2016-07-10,0.4497
86809234,2016-07-17,0.8877
88977843,2016-07-26,0.948
90923821,2016-08-02,0.9577
92237639,2016-08-08,0.9734
94209566,2016-08-15,0.9449
95995075,2016-08-21,0.9118
99527671,2016-09-05,0.7734
47915349,2015-09-21,0.7329
49396917,2015-10-03,0.8294
50352769,2015-10-11,0.9745
50680193,2015-10-13,0.9822
51068039,2015-10-17,0.8999
54057980,2015-11-15,0.9323
54675607,2015-11-22,0.9595
64129990,2016-02-29,0.9856
64898205,2016-03-08,0.9011
65865088,2016-03-17,0.9379
66253489,2016-03-20,0.9947
67310116,2016-03-28,0.989
68139024,2016-04-02,0.9898
68667479,2016-04-06,0.9854
70096225,2016-04-16,0.969
70500060,2016-04-18,0.9815
71188494,2016-04-24,0.8908
72368896,2016-05-02,0.9718
78792876,2016-06-09,0.9627
84004746,2016-07-05,0.8858
85324943,2016-07-11,0.9246
88419670,2016-07-24,0.9892
89806249,2016-07-30,0.8313
95658573,2016-08-20,0.9824
96243094,2016-08-22,0.9286
99732806,2016-09-05,0.9245
49577902,2015-10-04,0.9317
50375901,2015-10-11,0.8625
51083338,2015-10-17,0.7539
51192705,2015-10-18,0.9098
51820873,2015-10-24,0.6588
51950656,2015-10-25,0.9647
53661474,2015-11-10,0.8957
54009938,2015-11-15,0.9709
58369611,2016-01-02,0.99
60978300,2016-01-30,0.9716
63174802,2016-02-21,0.7906
63878862,2016-02-28,0.9735
64850094,2016-03-08,0.9861
65329097,2016-03-13,0.9475
66156011,2016-03-20,0.54
66805005,2016-03-24,0.9637
68144507,2016-04-02,0.9272
68509044,2016-04-05,0.993
70103046,2016-04-16,0.9851
72215298,2016-05-01,0.9078
79642222,2016-06-13,0.9647
82408081,2016-06-27,0.0
88453690,2016-07-24,0.0
56945172,2015-12-20,0.9867
59917450,2016-01-17,0.5704
60461047,2016-01-24,0.7906
61032732,2016-01-31,0.957
62360594,2016-02-14,0.8737
63189932,2016-02-21,0.9812
64057868,2016-02-29,0.9217
64601501,2016-03-06,0.9906
65322576,2016-03-13,0.8583
66366021,2016-03-22,0.9793
67126385,2016-03-27,0.8016
68316851,2016-04-04,0.9892
69202445,2016-04-10,0.9401
70209575,2016-04-17,0.9899
72836753,2016-05-04,0.9885
74049616,2016-05-12,0.9637
76917200,2016-05-29,0.8126
77405740,2016-05-31,0.9908
78150806,2016-06-05,0.9823
79434510,2016-06-12,0.8011
85145182,2016-07-10,0.9296
86815948,2016-07-17,0.9746
87794641,2016-07-21,0.9529
88524062,2016-07-24,0.9493
90905973,2016-08-02,0.975
92461205,2016-08-08,0.9539
94131500,2016-08-14,0.9743
97866869,2016-08-28,0.9651
74388443,2016-05-15,0.9881
76055057,2016-05-24,0.7825
80486383,2016-06-18,0.9568
83400018,2016-07-02,0.9642
83837301,2016-07-04,0.8294
87920879,2016-07-22,0.9946
88579196,2016-07-24,0.9522
62608006,2016-02-15,0.9421
63139289,2016-02-20,0.9726
63295088,2016-02-21,0.9187
63738838,2016-02-26,0.9872
64346391,2016-03-02,0.9813
64493238,2016-03-04,0.8573
65039009,2016-03-10,0.982
65074993,2016-03-10,0.6486
65180762,2016-03-11,0.9133
65393976,2016-03-13,0.8268
65567097,2016-03-15,0.9652
66437795,2016-03-22,0.8934
67014943,2016-03-26,0.9886
67571383,2016-03-30,0.9851
68349476,2016-04-04,0.9655
69704834,2016-04-12,0.6412
69931919,2016-04-14,0.9165
70588409,2016-04-18,0.9758
70721431,2016-04-20,0.9779
71071348,2016-04-23,0.938
71951928,2016-04-30,0.9814
72156088,2016-05-01,0.957
73309759,2016-05-08,0.944
73783601,2016-05-10,0.8126
74279551,2016-05-14,0.9862
74775353,2016-05-16,0.9844
75233098,2016-05-20,0.9712
75317901,2016-05-20,0.9516
75659149,2016-05-22,0.9681
75921774,2016-05-23,0.9633
76181953,2016-05-25,0.9698
77414135,2016-05-31,0.9555
77900947,2016-06-04,0.9712
78813134,2016-06-09,0.9272
79821838,2016-06-14,0.8858
80406829,2016-06-18,0.9601
80912924,2016-06-20,0.908
82432454,2016-06-27,0.9661
83042134,2016-07-01,0.5229
84077003,2016-07-05,0.9041
85864538,2016-07-13,0.937
86265073,2016-07-15,0.9253
86716818,2016-07-17,0.8977
87780836,2016-07-21,0.9755
88869393,2016-07-25,0.9784
89313068,2016-07-27,0.9115
89575980,2016-07-29,0.92
89843107,2016-07-30,0.7707
90734075,2016-08-02,0.8687
90885516,2016-08-02,0.6588
91478786,2016-08-05,0.9785
91896834,2016-08-07,0.8889
92827421,2016-08-10,0.931
95643186,2016-08-20,0.9772
96328523,2016-08-22,0.9811
97749212,2016-08-28,0.9871
97781912,2016-08-28,0.893
47915678,2015-09-21,0.9681
48804333,2015-09-28,0.5994
50481257,2015-10-12,0.9778
52126307,2015-10-26,0.9528
54943650,2015-11-25,0.9714
56174655,2015-12-09,0.1923
58436093,2016-01-02,0.9714
64865044,2016-03-08,0.9871
65561244,2016-03-15,0.9686
66436303,2016-03-22,0.9754
68231351,2016-04-03,0.944
68968785,2016-04-08,0.99
69457259,2016-04-11,0.983
71309117,2016-04-24,0.9628
75753591,2016-05-22,0.976
82399331,2016-06-27,0.9781
90320051,2016-07-31,0.8268
36626021,2015-06-29,0.8906
38682443,2015-07-17,0.9682
39053304,2015-07-20,0.8999
47513664,2015-09-19,0.9893
48423808,2015-09-26,0.796
50391846,2015-10-11,0.9307
51840637,2015-10-24,0.9545
54655650,2015-11-22,0.9279
55239457,2015-11-29,0.9229
64893316,2016-03-08,0.9817
66127593,2016-03-19,0.8904
66762490,2016-03-24,0.4588
69180175,2016-04-09,0.9339
70325000,2016-04-17,0.9625
72527303,2016-05-03,0.9722
73679963,2016-05-09,0.8297
74857171,2016-05-17,0.0
75148034,2016-05-19,0.9602
76472330,2016-05-27,0.865
77297986,2016-05-31,0.9796
78776687,2016-06-09,0.9612
79775545,2016-06-14,0.9674
80118860,2016-06-16,0.891
82339260,2016-06-27,0.8439
88972660,2016-07-26,0.8588
92664983,2016-08-09,0.9952
94685467,2016-08-16,0.8746
99097903,2016-09-03,0.7036
66226724,2016-03-20,0.9268
72315105,2016-05-01,0.9927
72782500,2016-05-04,0.9285
73499150,2016-05-08,0.9655
76046068,2016-05-24,0.9929
78236297,2016-06-05,0.9686
80731552,2016-06-19,0.9794
88509525,2016-07-24,0.951
90076695,2016-07-31,0.9669
91491285,2016-08-05,0.987
92559524,2016-08-09,0.7184
94021679,2016-08-14,0.0
98118034,2016-08-29,0.6588
79385168,2016-06-12,0.9041
81025263,2016-06-20,0.9891
81660323,2016-06-24,0.9153
82372793,2016-06-27,0.9393
83319912,2016-07-02,0.9759
84014576,2016-07-05,0.9183
85304528,2016-07-11,-0.7362
86216198,2016-07-15,0.4215
88482475,2016-07-24,0.8687
90457815,2016-08-01,0.9707
93065838,2016-08-11,0.9325
94198661,2016-08-15,0.9758
95146541,2016-08-18,0.9393
96573539,2016-08-23,0.7506
97233156,2016-08-26,0.8481
98331193,2016-08-30,0.978
99101954,2016-09-03,0.9168
37259926,2015-07-05,0.9274
78054647,2016-06-05,0.6249
79379131,2016-06-12,0.54
99691787,2016-09-05,0.9554
79410334,2016-06-12,0.9573
79859483,2016-06-14,0.9803
80532570,2016-06-18,0.4767
82279201,2016-06-27,0.8825
82941408,2016-06-30,0.9319
83612010,2016-07-03,0.991
84972656,2016-07-10,0.9804
85600531,2016-07-12,0.9365
86014541,2016-07-14,0.9701
87056235,2016-07-18,0.9655
88109489,2016-07-23,0.9597
90436341,2016-08-01,0.9674
96014201,2016-08-21,0.943
97769450,2016-08-28,0.836
99076005,2016-09-03,0.9294
72093008,2016-05-01,0.9757
81590403,2016-06-24,0.9724
82151448,2016-06-26,0.9641
84218994,2016-07-06,0.941
86082862,2016-07-14,0.9499
9894652,2014-01-17,0.8953
10284494,2014-02-10,0.9697
10520868,2014-02-23,0.8439
11304987,2014-03-29,0.9558
11358632,2014-03-31,0.955
12218803,2014-04-26,0.9493
12335682,2014-04-29,0.9881
13327222,2014-05-25,0.6335
13524339,2014-05-29,0.9211
13639152,2014-06-01,0.9945
13807144,2014-06-04,0.9392
14012475,2014-06-10,0.8775
14213938,2014-06-14,0.9075
14373160,2014-06-17,0.9307
14845148,2014-06-27,0.9831
14932476,2014-06-29,0.6588
15439160,2014-07-08,0.0
17511948,2014-08-13,0.0
19383611,2014-09-11,0.8588
19569696,2014-09-14,0.967
20019904,2014-09-22,0.9612
20368195,2014-09-28,0.9485
21147767,2014-10-12,0.9449
21583118,2014-10-20,0.9286
21851519,2014-10-25,0.9098
22257396,2014-11-02,0.9851
22595909,2014-11-10,0.9631
23107656,2014-11-23,0.9011
23843989,2014-12-12,0.941
24866916,2015-01-03,0.9246
25250602,2015-01-10,0.9616
25526300,2015-01-18,0.9915
25697503,2015-01-23,0.9253
25725386,2015-01-24,0.9115
25984350,2015-01-31,0.9259
26281514,2015-02-08,0.8221
26948699,2015-02-22,0.9697
27212685,2015-02-28,0.9134
27365279,2015-03-02,0.9864
27612383,2015-03-08,0.9588
27886347,2015-03-14,0.9258
27978664,2015-03-15,0.9286
28106691,2015-03-17,0.665
28161792,2015-03-19,0.9594
28283801,2015-03-21,0.9625
28373327,2015-03-22,0.8906
28881348,2015-03-31,0.9442
29143347,2015-04-04,0.8306
29695883,2015-04-11,0.8442
29959414,2015-04-14,0.8172
30353215,2015-04-20,0.9689
30534045,2015-04-23,0.2211
30606814,2015-04-25,0.9815
30898536,2015-04-28,0.9929
31117909,2015-05-02,0.9053
31267074,2015-05-03,0.9665
31591323,2015-05-07,0.4927
31723669,2015-05-09,0.9593
31964748,2015-05-12,0.9631
32212157,2015-05-15,0.976
32370414,2015-05-17,0.875
32613627,2015-05-19,0.9313
32923914,2015-05-23,0.9751
33110239,2015-05-25,0.9022
34143974,2015-06-05,0.862
34377591,2015-06-07,0.923
35073037,2015-06-15,0.8953
35361225,2015-06-17,0.924
35401676,2015-06-18,0.8832
35580307,2015-06-20,0.807
35730915,2015-06-21,0.9914
36393203,2015-06-28,0.994
37540353,2015-07-07,0.9475
37932881,2015-07-11,0.9524
38719507,2015-07-18,0.9884
39099562,2015-07-20,0.8921
39582905,2015-07-24,0.807
39766747,2015-07-26,0.9729
39977677,2015-07-27,0.9891
40381703,2015-07-30,0.9485
40606707,2015-08-01,0.9772
41305595,2015-08-07,0.8718
42195435,2015-08-11,0.9808
42606848,2015-08-14,0.75
44160841,2015-08-24,0.9559
44902024,2015-08-30,0.9662
45358617,2015-09-01,0.938
45980466,2015-09-07,0.9853
46459578,2015-09-10,0.851
46645112,2015-09-12,0.9409
46773090,2015-09-13,0.8395
47035874,2015-09-15,0.9559
48875459,2015-09-29,0.8658
50036301,2015-10-08,0.9336
50646589,2015-10-13,0.9323
50808772,2015-10-14,0.8437
50936805,2015-10-16,0.9696
52845928,2015-11-02,0.9764
53170827,2015-11-06,0.9537
53803451,2015-11-12,0.983
53870863,2015-11-13,0.9797
54249921,2015-11-17,0.9391
54590115,2015-11-22,0.9885
55594060,2015-12-02,0.7944
55628833,2015-12-03,0.9168
56858484,2015-12-19,0.9728
57109033,2015-12-21,0.7773
58354130,2016-01-02,0.9473
58893470,2016-01-05,0.8016
59609587,2016-01-12,0.9463
59726832,2016-01-14,0.8746
60487175,2016-01-24,0.8478
61470947,2016-02-04,0.8921
61611072,2016-02-06,0.8481
62036995,2016-02-10,0.8553
62872883,2016-02-17,0.8896
63112418,2016-02-20,0.9791
63919541,2016-02-28,0.9924
64461143,2016-03-04,0.9451
64662492,2016-03-06,0.9885
64954000,2016-03-09,0.8936
65251011,2016-03-12,0.8998
65997388,2016-03-18,0.9549
66169099,2016-03-20,0.9778
66645763,2016-03-23,0.784
66706879,2016-03-24,0.9593
68437172,2016-04-05,0.9286
68909735,2016-04-07,0.9159
69098776,2016-04-09,0.9835
69611187,2016-04-11,0.8316
70094641,2016-04-16,0.9753
70248448,2016-04-17,0.4927
71085392,2016-04-23,0.9773
71357717,2016-04-24,0.9576
71406436,2016-04-25,0.9488
71679169,2016-04-27,0.9932
71881882,2016-04-29,0.9192
72928712,2016-05-05,0.9768
73267690,2016-05-07,0.8883
74237326,2016-05-14,0.8619
74956792,2016-05-17,0.9786
75487544,2016-05-21,0.9298
75786611,2016-05-23,0.9559
76180311,2016-05-25,0.9398
76768300,2016-05-29,0.9671
77476942,2016-06-01,0.9835
77906466,2016-06-04,0.9608
78381688,2016-06-06,0.9287
78855979,2016-06-09,0.9729
79622916,2016-06-13,0.937
80070642,2016-06-16,0.953
80452968,2016-06-18,0.9847
81020067,2016-06-20,0.8856
81617225,2016-06-24,0.9818
83137882,2016-07-01,0.9463
84082768,2016-07-05,0.91
84504285,2016-07-07,0.8813
85008153,2016-07-10,0.7955
85651633,2016-07-12,0.9286
88412199,2016-07-24,0.9748
88478651,2016-07-24,0.7574
89518178,2016-07-28,0.8353
90305889,2016-07-31,0.9742
91559695,2016-08-05,0.8587
93178735,2016-08-11,0.8685
93367029,2016-08-12,0.8595
94410428,2016-08-15,0.9225
95387825,2016-08-19,0.886
96281788,2016-08-22,0.9773
97269109,2016-08-26,0.96
23728060,2014-12-08,0.8653
25071674,2015-01-05,0.9771
25611386,2015-01-20,0.9721
25977482,2015-01-31,0.6249
26062916,2015-02-02,0.9199
26269652,2015-02-08,0.9835
26525095,2015-02-15,0.9627
27390324,2015-03-03,0.9347
27650052,2015-03-09,0.975
29821055,2015-04-13,0.9892
30855396,2015-04-28,0.9467
31632095,2015-05-08,0.9382
33026082,2015-05-24,0.8843
33304241,2015-05-26,0.855
33405083,2015-05-27,0.989
33487072,2015-05-28,0.9345
33840697,2015-06-01,0.5106
34766625,2015-06-12,0.891
35542407,2015-06-20,0.9825
36506511,2015-06-29,0.9237
50656862,2015-10-13,0.8454
51449304,2015-10-20,0.6971
66099639,2016-03-19,0.296
66240341,2016-03-20,0.6486
71240038,2016-04-24,0.9581
71607346,2016-04-26,0.8689
72248850,2016-05-01,0.9906
72648058,2016-05-04,0.9665
73059171,2016-05-06,0.9632
73149007,2016-05-07,0.9485
73908769,2016-05-11,0.8655
74193008,2016-05-13,0.9423
74576532,2016-05-15,0.9594
76090756,2016-05-24,0.908
76271345,2016-05-26,0.9751
77159327,2016-05-30,0.9922
77563810,2016-06-01,0.9464
78397138,2016-06-06,0.9094
78956785,2016-06-10,0.9456
79697706,2016-06-13,0.9822
80229806,2016-06-17,0.9701
81394289,2016-06-22,0.8266
83215762,2016-07-01,0.945
84943134,2016-07-09,0.9219
85349152,2016-07-11,0.0
86191281,2016-07-15,0.9595
88182009,2016-07-23,0.8568
89399234,2016-07-28,0.8684
91545525,2016-08-05,0.2916
91834531,2016-08-06,0.7772
92316218,2016-08-08,0.5617
93080573,2016-08-11,0.9098
93365005,2016-08-12,-0.5983
94534836,2016-08-16,0.5719
94911831,2016-08-17,0.4754
96807616,2016-08-24,0.9216
97214500,2016-08-26,0.9604
97495044,2016-08-27,0.0
98453537,2016-08-31,0.0
86707643,2016-07-17,0.893
21683164,2014-10-21,0.9972
21773519,2014-10-23,0.8999
21971512,2014-10-27,0.9715
22383442,2014-11-04,0.9808
22564110,2014-11-09,0.0
24048172,2014-12-18,0.9681
24994454,2015-01-04,0.4648
25333662,2015-01-12,0.8844
25859984,2015-01-27,0.926
26735718,2015-02-18,0.8999
27079044,2015-02-24,0.9413
29152905,2015-04-04,0.9761
29869243,2015-04-13,0.0
30299379,2015-04-20,0.9456
30939000,2015-04-29,0.9886
32122425,2015-05-14,0.9602
34552798,2015-06-09,0.8864
35739696,2015-06-21,0.9564
36428774,2015-06-28,0.9189
41841258,2015-08-09,0.836
43423522,2015-08-19,0.9536
48926625,2015-09-29,0.9215
50282195,2015-10-11,0.9531
51135946,2015-10-18,0.9583
51561892,2015-10-21,0.989
52403967,2015-10-29,0.8553
54096224,2015-11-16,0.9097
55542290,2015-12-01,0.9578
59617304,2016-01-12,0.9041
60108452,2016-01-18,0.9019
60711748,2016-01-26,0.9735
62466677,2016-02-14,0.91
62858934,2016-02-17,0.8398
65415003,2016-03-13,-0.5994
65849566,2016-03-17,0.9841
66840370,2016-03-25,0.923
67104771,2016-03-26,0.967
68497470,2016-04-05,0.9133
71228186,2016-04-24,0.9458
74606483,2016-05-16,0.9334
74943920,2016-05-17,0.9726
76711563,2016-05-29,0.9729
79154468,2016-06-11,0.9764
85143729,2016-07-10,0.9636
85832677,2016-07-13,0.8016
86334506,2016-07-16,0.9371
86728758,2016-07-17,0.9628
89301194,2016-07-27,0.8555
90323134,2016-07-31,0.8168
91822452,2016-08-06,0.7096
92148379,2016-08-07,0.9668
95376056,2016-08-19,0.8118
52603789,2015-10-31,0.8908
72771325,2016-05-04,0.9855
84180208,2016-07-05,0.8591
92254342,2016-08-08,0.6784
79855765,2016-06-14,0.9423
82512551,2016-06-27,0.4939
83838236,2016-07-04,0.9628
91145608,2016-08-04,0.969
92882719,2016-08-10,0.9765
99420719,2016-09-04,0.8653
35187591,2015-06-15,0.9307
40128884,2015-07-28,0.9669
52131587,2015-10-26,0.6696
65438982,2016-03-13,0.9323
66268445,2016-03-20,0.9867
68558230,2016-04-05,0.9287
69579070,2016-04-11,0.9815
70395169,2016-04-17,0.9841
71296227,2016-04-24,0.9499
72559540,2016-05-03,0.9582
74630457,2016-05-16,0.9744
75781329,2016-05-23,0.9507
90204815,2016-07-31,0.5562
90660121,2016-08-01,0.9474
91726949,2016-08-06,0.9843
92390027,2016-08-08,0.4753
92486416,2016-08-08,0.9619
93001021,2016-08-11,0.882
93634567,2016-08-13,0.6025
94686959,2016-08-16,0.6997
94929462,2016-08-17,0.9465
95651356,2016-08-20,0.796
96005562,2016-08-21,0.8126
96614776,2016-08-23,0.5244
96820615,2016-08-24,0.8805
97058750,2016-08-25,0.9768
86727391,2016-07-17,0.9708
90196447,2016-07-31,0.9627
62300439,2016-02-13,0.9889
62748951,2016-02-16,0.93
63273596,2016-02-21,-0.2748
64651922,2016-03-06,0.9821
65897439,2016-03-17,0.9375
68380885,2016-04-04,0.9654
69083800,2016-04-09,0.9389
69972594,2016-04-15,0.9929
70235591,2016-04-17,0.5551
70749082,2016-04-20,0.9409
71705916,2016-04-27,0.9604
72794128,2016-05-04,0.9577
73507209,2016-05-08,0.9584
75457148,2016-05-21,0.8268
77150711,2016-05-30,0.96
89440765,2016-07-28,0.8957
90978147,2016-08-03,0.0
93994499,2016-08-14,0.9081
95997650,2016-08-21,0.0
98351901,2016-08-30,0.9659
65629556,2016-03-15,0.9499
66090075,2016-03-19,0.6997
66481307,2016-03-22,0.974
67608740,2016-03-30,0.9833
72485595,2016-05-02,0.4421
73513276,2016-05-08,0.9813
75725346,2016-05-22,0.8746
78099418,2016-06-05,0.9788
80976868,2016-06-20,0.9053
85836018,2016-07-13,0.0
92677629,2016-08-09,0.0
96262869,2016-08-22,0.9912
7000686,2013-09-02,0.9097
7075765,2013-09-05,0.9624
7124801,2013-09-07,0.9823
7440543,2013-09-20,0.9716
7519510,2013-09-23,0.9412
7984334,2013-10-11,0.9661
8052105,2013-10-14,0.9799
8277770,2013-10-23,0.9513
8320896,2013-10-25,0.9358
8448975,2013-10-31,0.9836
8502672,2013-11-03,0.9928
8613522,2013-11-08,0.9959
8661277,2013-11-11,0.9942
8768685,2013-11-17,0.9757
8873828,2013-11-23,0.9874
8947079,2013-11-27,0.9338
8979580,2013-11-30,0.9757
9035945,2013-12-02,0.9757
9139171,2013-12-09,0.8622
9395626,2013-12-26,0.9931
10675853,2014-03-03,0.9912
11268587,2014-03-27,0.9866
11633694,2014-04-10,0.9804
11692490,2014-04-12,0.9632
11920550,2014-04-19,0.9628
12379464,2014-04-30,0.8016
12606948,2014-05-06,0.9831
12782473,2014-05-11,0.992
12951760,2014-05-15,0.9757
14007799,2014-06-10,0.9886
14466226,2014-06-20,0.9622
14582737,2014-06-22,0.8793
14908759,2014-06-29,0.9884
17100802,2014-08-07,0.872
18391689,2014-08-25,0.9815
18834320,2014-09-01,0.9442
19755900,2014-09-17,0.9951
19892398,2014-09-20,0.9936
20720696,2014-10-04,0.7717
21396311,2014-10-16,0.9766
21581349,2014-10-20,0.9465
23318716,2014-11-29,0.8684
24500449,2014-12-29,0.5719
25977576,2015-01-31,0.9847
27147414,2015-02-26,0.9285
27285153,2015-03-01,0.6697
27544726,2015-03-07,0.9907
28272125,2015-03-21,0.9794
28563563,2015-03-26,0.9939
29404610,2015-04-07,0.9221
31306064,2015-05-04,0.9863
31886670,2015-05-11,0.9971
32848919,2015-05-22,0.9133
33683511,2015-05-31,0.9565
34144905,2015-06-05,0.9775
35195872,2015-06-16,0.9606
37165944,2015-07-05,0.9606
37517290,2015-07-07,0.937
38556914,2015-07-16,0.9468
38691915,2015-07-18,0.9792
39024803,2015-07-20,0.9867
42280654,2015-08-12,0.9941
43394415,2015-08-19,-0.8439
43987651,2015-08-23,0.9866
45086538,2015-08-31,0.9837
45519238,2015-09-03,0.9855
49546588,2015-10-04,0.9259
52061097,2015-10-26,0.9671
54142764,2015-11-16,0.9677
55332002,2015-11-29,0.9881
55979417,2015-12-07,0.9963
56967772,2015-12-20,0.8726
58301678,2016-01-02,0.9684
61723471,2016-02-07,0.8996
66222462,2016-03-20,0.9616
66809054,2016-03-24,0.9025
67219106,2016-03-27,0.9657
68134236,2016-04-02,0.9605
68475965,2016-04-05,0.8895
68806766,2016-04-06,0.9919
74803137,2016-05-16,0.949
75193366,2016-05-19,0.8966
75850805,2016-05-23,0.9917
77241901,2016-05-30,0.9883
79659064,2016-06-13,0.9647
80285312,2016-06-17,0.9612
80736976,2016-06-19,0.9884
82877959,2016-06-30,0.6597
84033172,2016-07-05,0.9761
85332191,2016-07-11,0.8016
86625140,2016-07-17,0.9514
88337497,2016-07-24,0.9215
90707169,2016-08-02,0.6901
91996483,2016-08-07,0.7639
92407927,2016-08-08,0.9471
95646282,2016-08-20,0.4877
97165578,2016-08-26,0.9726
50803463,2015-10-14,0.9381
51387570,2015-10-19,0.8689
79338351,2016-06-12,0.9595
94126154,2016-08-14,0.9735
60094135,2016-01-18,0.9851
61505403,2016-02-05,0.9201
61803479,2016-02-08,0.9439
62902187,2016-02-18,0.9663
63300677,2016-02-21,0.9609
64071179,2016-02-29,0.9531
64654920,2016-03-06,0.9558
64786958,2016-03-08,0.9432
66387475,2016-03-22,0.854
66889135,2016-03-25,0.9547
67450839,2016-03-29,0.9929
67952450,2016-04-01,0.9747
68344208,2016-04-04,0.9854
69546120,2016-04-11,0.9639
70450269,2016-04-17,0.9177
70864515,2016-04-21,0.9747
71459907,2016-04-25,0.9183
72219453,2016-05-01,0.9282
72793660,2016-05-04,0.9469
74496236,2016-05-15,0.9588
75108121,2016-05-19,0.8748
75351351,2016-05-20,0.9464
75699056,2016-05-22,0.9377
76356407,2016-05-26,0.9939
77235390,2016-05-30,0.9883
80469663,2016-06-18,0.9273
81021248,2016-06-20,0.9358
81691694,2016-06-24,0.9583
82696296,2016-06-28,0.9836
85247461,2016-07-10,0.6588
86880377,2016-07-17,0.9788
88191254,2016-07-23,0.9669
88801808,2016-07-25,0.9554
89434559,2016-07-28,0.964
90030245,2016-07-30,0.7163
91119975,2016-08-03,0.9028
92388041,2016-08-08,0.974
93625777,2016-08-13,0.8957
94665643,2016-08-16,0.9542
96201744,2016-08-22,0.9865
98359774,2016-08-30,0.9516
44957748,2015-08-30,0.9878
46155191,2015-09-08,0.8519
47164943,2015-09-16,0.9778
47784247,2015-09-21,0.9516
49457256,2015-10-04,0.9813
